agent,action_kind,action_id,action_name,count,rate
random,requested,0,do_nothing,109,0.08378170637970792
random,requested,1,patch_hr_systems,147,0.11299000768639508
random,requested,2,patch_web_server,105,0.08070714834742505
random,requested,3,patch_auth_server,88,0.06764027671022291
random,requested,4,rotate_credentials,101,0.07763259031514219
random,requested,5,isolate_suspicious_host,106,0.08147578785549578
random,requested,6,increase_monitoring,107,0.08224442736356649
random,requested,7,restore_backup,80,0.061491160645657184
random,requested,8,deploy_honeypot,87,0.0668716372021522
random,requested,9,phishing_training,122,0.09377401998462721
random,requested,10,investigate_top_alert,123,0.09454265949269793
random,requested,11,segment_finance_database,126,0.09684857801691008
random,executed,0,do_nothing,135,0.1037663335895465
random,executed,1,patch_hr_systems,147,0.11299000768639508
random,executed,2,patch_web_server,105,0.08070714834742505
random,executed,3,patch_auth_server,88,0.06764027671022291
random,executed,4,rotate_credentials,98,0.07532667179093006
random,executed,5,isolate_suspicious_host,106,0.08147578785549578
random,executed,6,increase_monitoring,107,0.08224442736356649
random,executed,7,restore_backup,74,0.0568793235972329
random,executed,8,deploy_honeypot,87,0.0668716372021522
random,executed,9,phishing_training,122,0.09377401998462721
random,executed,10,investigate_top_alert,112,0.08608762490392007
random,executed,11,segment_finance_database,120,0.09223674096848578
heuristic,requested,0,do_nothing,171,0.1678115799803729
heuristic,requested,1,patch_hr_systems,10,0.009813542688910697
heuristic,requested,2,patch_web_server,21,0.020608439646712464
heuristic,requested,3,patch_auth_server,21,0.020608439646712464
heuristic,requested,4,rotate_credentials,4,0.003925417075564278
heuristic,requested,5,isolate_suspicious_host,194,0.1903827281648675
heuristic,requested,6,increase_monitoring,12,0.011776251226692836
heuristic,requested,7,restore_backup,38,0.03729146221786065
heuristic,requested,8,deploy_honeypot,237,0.2325809617271835
heuristic,requested,9,phishing_training,41,0.040235525024533855
heuristic,requested,10,investigate_top_alert,264,0.2590775269872424
heuristic,requested,11,segment_finance_database,6,0.005888125613346418
heuristic,executed,0,do_nothing,171,0.1678115799803729
heuristic,executed,1,patch_hr_systems,10,0.009813542688910697
heuristic,executed,2,patch_web_server,21,0.020608439646712464
heuristic,executed,3,patch_auth_server,21,0.020608439646712464
heuristic,executed,4,rotate_credentials,4,0.003925417075564278
heuristic,executed,5,isolate_suspicious_host,194,0.1903827281648675
heuristic,executed,6,increase_monitoring,12,0.011776251226692836
heuristic,executed,7,restore_backup,38,0.03729146221786065
heuristic,executed,8,deploy_honeypot,237,0.2325809617271835
heuristic,executed,9,phishing_training,41,0.040235525024533855
heuristic,executed,10,investigate_top_alert,264,0.2590775269872424
heuristic,executed,11,segment_finance_database,6,0.005888125613346418
ppo_existing_checkpoint,requested,0,do_nothing,0,0.0
ppo_existing_checkpoint,requested,1,patch_hr_systems,0,0.0
ppo_existing_checkpoint,requested,2,patch_web_server,0,0.0
ppo_existing_checkpoint,requested,3,patch_auth_server,0,0.0
ppo_existing_checkpoint,requested,4,rotate_credentials,0,0.0
ppo_existing_checkpoint,requested,5,isolate_suspicious_host,0,0.0
ppo_existing_checkpoint,requested,6,increase_monitoring,0,0.0
ppo_existing_checkpoint,requested,7,restore_backup,0,0.0
ppo_existing_checkpoint,requested,8,deploy_honeypot,0,0.0
ppo_existing_checkpoint,requested,9,phishing_training,0,0.0
ppo_existing_checkpoint,requested,10,investigate_top_alert,1000,1.0
ppo_existing_checkpoint,requested,11,segment_finance_database,0,0.0
ppo_existing_checkpoint,executed,0,do_nothing,498,0.498
ppo_existing_checkpoint,executed,1,patch_hr_systems,0,0.0
ppo_existing_checkpoint,executed,2,patch_web_server,0,0.0
ppo_existing_checkpoint,executed,3,patch_auth_server,0,0.0
ppo_existing_checkpoint,executed,4,rotate_credentials,0,0.0
ppo_existing_checkpoint,executed,5,isolate_suspicious_host,0,0.0
ppo_existing_checkpoint,executed,6,increase_monitoring,0,0.0
ppo_existing_checkpoint,executed,7,restore_backup,0,0.0
ppo_existing_checkpoint,executed,8,deploy_honeypot,0,0.0
ppo_existing_checkpoint,executed,9,phishing_training,0,0.0
ppo_existing_checkpoint,executed,10,investigate_top_alert,502,0.502
ppo_existing_checkpoint,executed,11,segment_finance_database,0,0.0
